isic_id,target
ISIC_0015657,0.10577392578125
ISIC_0015729,0.026763916015625
ISIC_0015740,0.04107666015625
